<install type="component" version="1.5.0">
	<name>sjmeta</name>
	<author>I$L@M</author>
	<creationDate>26 aug 2009</creationDate>
	<copyright>gnu</copyright>
	<license>http://www.gnu.org/licenses/gpl-2.0.html GNU/GPL</license>
	<authorEmail>islam.kasem@yahoo.com</authorEmail>
	<authorUrl>www.islamonline.net</authorUrl>
	<version>1.5</version>
	<description>Menu Meta</description>
    <installfile>install.sjmeta.php</installfile>
    <uninstallfile>uninstall.sjmeta.php</uninstallfile>
    <administration>
        <menu>Menu Meta Manager</menu>
        <files folder="admin">            
            <filename>admin.sjmeta.php</filename>            
            <filename>controller.php</filename>           
            <filename>install.sjmeta.php</filename>
            <filename>uninstall.sjmeta.php</filename>
            <filename>controllers/menumeta.php</filename>
            <filename>models/menumeta.php</filename>          
            <filename>tables/menumeta.php</filename>             
			<filename>views/menumeta/view.html.php</filename>          
            <filename>views/menumeta/tmpl/form.php</filename>            
            <filename>views/menumeta/tmpl/default.php</filename>
        </files>
        <languages folder="admin/language">
            <language tag="en-GB">en-GB/en-GB.com_sjmeta.ini</language>
        </languages>
    </administration>
</install>
