<?xml version="1.0" encoding="utf-8"?>
<install type="module" version="1.5">
    <name>EnMasse Summarized Shopping Cart</name>
    <version>1.5.0</version>
    <description>To display a summarized information of the Shopping Cart</description>
    
     <files>
        <!-- The "module" attribute signifies that this is the main controller file -->
                <filename module="mod_enmasse_summarized_cart">mod_enmasse_summarized_cart.php</filename>
                <filename>index.html</filename>
        </files>
        
    <params>
    </params>
</install>